frontier,rf,return,vol,sharpe
green,0.0,0.1053006289249126,0.007099824652568464,14.831440785909914
