frontier,rf,return,vol,sharpe
original,0.0,0.10569999999999999,0.005882464467495223,17.96865932366736
