frontier,rf,return,vol,sharpe
brown,0.0,0.09990055667286035,0.0058252787016897945,17.14948962766043
