Sector,Exposure
Consumer Goods,0.11458333333333333
Energy,0.11458333333333333
Finance,0.1875
Healthcare,0.17708333333333331
Industrials,0.0625
Real Estate,0.125
Technology,0.10416666666666666
Utilities,0.11458333333333333
