Sector,Exposure
Consumer Goods,0.18012744339758568
Energy,0.1460128263146477
Finance,0.2021165307199423
Healthcare,0.15498900592621795
Industrials,0.05755676102208248
Real Estate,0.0611840303220371
Technology,0.04515828809178592
Utilities,0.15285511420570083
