Sector,Exposure
Consumer Goods,0.18064236902501216
Energy,0.11614391287056533
Finance,0.2481167523213802
Healthcare,0.17965141831253092
Industrials,0.010171711197322613
Technology,0.040341865776467076
Utilities,0.22493197049672176
