Sector,Exposure
Consumer Goods,0.21788255887093153
Energy,0.22486613015116166
Finance,0.23784001736942362
Healthcare,0.1314303146873176
Industrials,0.02849036492990498
Real Estate,0.012184634961266122
Technology,0.026872349383847596
Utilities,0.120433629646147
